"","Date_reported","New_cases","Cumulative_cases","New_deaths","Cumulative_deaths"
"257064","2020-01-26",0,5,0,0
"257065","2020-01-27",7,12,0,0
"257066","2020-01-28",2,14,0,0
"257067","2020-01-29",4,18,0,0
"257068","2020-01-30",0,18,0,0
"257069","2020-01-31",5,23,0,0
"257070","2020-02-01",0,19,0,0
"257071","2020-02-02",4,23,0,0
"257072","2020-02-03",0,23,0,0
"257073","2020-02-04",6,29,0,0
"257074","2020-02-05",0,25,0,0
"257075","2020-02-06",4,29,0,0
"257076","2020-02-07",0,29,0,0
"257077","2020-02-08",3,32,0,0
"257078","2020-02-09",0,29,0,0
"257079","2020-02-10",0,29,0,0
"257080","2020-02-11",4,33,0,0
"257081","2020-02-12",4,37,0,0
"257082","2020-02-13",0,37,0,0
"257083","2020-02-14",0,37,0,0
"257084","2020-02-15",0,34,0,0
"257085","2020-02-16",4,38,0,0
"257086","2020-02-17",0,35,0,0
"257087","2020-02-18",4,39,0,0
"257088","2020-02-19",0,39,0,0
"257089","2020-02-20",0,39,0,0
"257090","2020-02-21",0,39,0,0
"257091","2020-02-22",0,39,0,0
"257092","2020-02-23",0,39,0,0
"257093","2020-02-24",0,39,0,0
"257094","2020-02-25",0,37,0,0
"257095","2020-02-26",3,40,0,0
"257096","2020-02-27",4,44,0,0
"257097","2020-02-28",0,41,0,0
"257098","2020-02-29",1,42,0,0
"257099","2020-03-01",4,46,1,1
"257100","2020-03-02",0,43,0,1
"257101","2020-03-03",4,47,0,1
"257102","2020-03-04",0,47,0,1
"257103","2020-03-05",0,47,0,1
"257104","2020-03-06",1,48,0,1
"257105","2020-03-07",2,50,0,1
"257106","2020-03-08",4,54,0,1
"257107","2020-03-09",0,54,0,1
"257108","2020-03-10",0,53,0,1
"257109","2020-03-11",6,59,0,1
"257110","2020-03-12",11,70,0,1
"257111","2020-03-13",5,75,0,1
"257112","2020-03-14",7,82,0,1
"257113","2020-03-15",32,114,0,1
"257114","2020-03-16",33,147,0,1
"257115","2020-03-17",30,177,0,1
"257116","2020-03-18",35,212,0,1
"257117","2020-03-19",60,272,0,1
"257118","2020-03-20",50,322,0,1
"257119","2020-03-21",89,411,0,1
"257120","2020-03-22",188,599,0,1
"257121","2020-03-23",122,721,0,1
"257122","2020-03-24",106,827,3,4
"257123","2020-03-25",107,934,0,4
"257124","2020-03-26",111,1045,0,4
"257125","2020-03-27",91,1136,1,5
"257126","2020-03-28",109,1245,1,6
"257127","2020-03-29",143,1388,1,7
"257128","2020-03-30",136,1524,2,9
"257129","2020-03-31",127,1651,1,10
"257130","2020-04-01",120,1771,2,12
"257131","2020-04-02",104,1875,3,15
"257132","2020-04-03",103,1978,4,19
"257133","2020-04-04",89,2067,1,20
"257134","2020-04-05",102,2169,3,23
"257135","2020-04-06",51,2220,3,26
"257136","2020-04-07",38,2258,1,27
"257137","2020-04-08",111,2369,3,30
"257138","2020-04-09",54,2423,2,32
"257139","2020-04-10",50,2473,1,33
"257140","2020-04-11",45,2518,2,35
"257141","2020-04-12",33,2551,3,38
"257142","2020-04-13",28,2579,2,40
"257143","2020-04-14",34,2613,1,41
"257144","2020-04-15",30,2643,2,43
"257145","2020-04-16",29,2672,3,46
"257146","2020-04-17",28,2700,1,47
"257147","2020-04-18",33,2733,0,47
"257148","2020-04-19",32,2765,0,47
"257149","2020-04-20",27,2792,0,47
"257150","2020-04-21",19,2811,1,48
"257151","2020-04-22",15,2826,1,49
"257152","2020-04-23",13,2839,1,50
"257153","2020-04-24",15,2854,0,50
"257154","2020-04-25",53,2907,1,51
"257155","2020-04-26",15,2922,0,51
"257156","2020-04-27",9,2931,1,52
"257157","2020-04-28",7,2938,2,54
"257158","2020-04-29",9,2947,0,54
"257159","2020-04-30",7,2954,0,54
"257160","2020-05-01",6,2960,0,54
"257161","2020-05-02",6,2966,0,54
"257162","2020-05-03",3,2969,0,54
"257163","2020-05-04",18,2987,0,54
"257164","2020-05-05",1,2988,0,54
"257165","2020-05-06",1,2989,1,55
"257166","2020-05-07",3,2992,0,55
"257167","2020-05-08",8,3000,0,55
"257168","2020-05-09",4,3004,1,56
"257169","2020-05-10",5,3009,0,56
"257170","2020-05-11",6,3015,0,56
"257171","2020-05-12",2,3017,0,56
"257172","2020-05-13",0,3017,0,56
"257173","2020-05-14",1,3018,0,56
"257174","2020-05-15",7,3025,0,56
"257175","2020-05-16",0,3025,0,56
"257176","2020-05-17",3,3028,0,56
"257177","2020-05-18",3,3031,0,56
"257178","2020-05-19",2,3033,0,56
"257179","2020-05-20",1,3034,0,56
"257180","2020-05-21",3,3037,0,56
"257181","2020-05-22",0,3037,0,56
"257182","2020-05-23",3,3040,0,56
"257183","2020-05-24",0,3040,0,56
"257184","2020-05-25",2,3042,1,57
"257185","2020-05-26",3,3045,0,57
"257186","2020-05-27",9,3054,0,57
"257187","2020-05-28",11,3065,0,57
"257188","2020-05-29",11,3076,0,57
"257189","2020-05-30",1,3077,0,57
"257190","2020-05-31",4,3081,0,57
"257191","2020-06-01",1,3082,0,57
"257192","2020-06-02",1,3083,1,58
"257193","2020-06-03",1,3084,0,58
"257194","2020-06-04",17,3101,0,58
"257195","2020-06-05",1,3102,0,58
"257196","2020-06-06",2,3104,0,58
"257197","2020-06-07",8,3112,0,58
"257198","2020-06-08",7,3119,0,58
"257199","2020-06-09",2,3121,0,58
"257200","2020-06-10",4,3125,0,58
"257201","2020-06-11",0,3125,0,58
"257202","2020-06-12",4,3129,0,58
"257203","2020-06-13",5,3134,0,58
"257204","2020-06-14",1,3135,0,58
"257205","2020-06-15",0,3135,0,58
"257206","2020-06-16",0,3135,0,58
"257207","2020-06-17",0,3135,0,58
"257208","2020-06-18",6,3141,0,58
"257209","2020-06-19",5,3146,0,58
"257210","2020-06-20",1,3147,0,58
"257211","2020-06-21",1,3148,0,58
"257212","2020-06-22",3,3151,0,58
"257213","2020-06-23",5,3156,0,58
"257214","2020-06-24",1,3157,0,58
"257215","2020-06-25",1,3158,0,58
"257216","2020-06-26",4,3162,0,58
"257217","2020-06-27",0,3162,0,58
"257218","2020-06-28",0,3162,0,58
"257219","2020-06-29",7,3169,0,58
"257220","2020-06-30",2,3171,0,58
"257221","2020-07-01",2,3173,0,58
"257222","2020-07-02",6,3179,0,58
"257223","2020-07-03",1,3180,0,58
"257224","2020-07-04",5,3185,0,58
"257225","2020-07-05",5,3190,0,58
"257226","2020-07-06",5,3195,0,58
"257227","2020-07-07",0,3195,0,58
"257228","2020-07-08",2,3197,0,58
"257229","2020-07-09",5,3202,0,58
"257230","2020-07-10",0,3202,0,58
"257231","2020-07-11",14,3216,0,58
"257232","2020-07-12",1,3217,0,58
"257233","2020-07-13",3,3220,0,58
"257234","2020-07-14",7,3227,0,58
"257235","2020-07-15",5,3232,0,58
"257236","2020-07-16",4,3236,0,58
"257237","2020-07-17",3,3239,0,58
"257238","2020-07-18",7,3246,0,58
"257239","2020-07-19",3,3249,0,58
"257240","2020-07-20",1,3250,0,58
"257241","2020-07-21",5,3255,0,58
"257242","2020-07-22",6,3261,0,58
"257243","2020-07-23",8,3269,0,58
"257244","2020-07-24",10,3279,0,58
"257245","2020-07-25",3,3282,0,58
"257246","2020-07-26",9,3291,0,58
"257247","2020-07-27",4,3295,0,58
"257248","2020-07-28",2,3297,0,58
"257249","2020-07-29",1,3298,0,58
"257250","2020-07-30",6,3304,0,58
"257251","2020-07-31",6,3310,0,58
"257252","2020-08-01",2,3312,0,58
"257253","2020-08-02",5,3317,0,58
"257254","2020-08-03",3,3320,0,58
"257255","2020-08-04",1,3321,0,58
"257256","2020-08-05",7,3328,0,58
"257257","2020-08-06",2,3330,0,58
"257258","2020-08-07",15,3345,0,58
"257259","2020-08-08",3,3348,0,58
"257260","2020-08-09",3,3351,0,58
"257261","2020-08-10",0,3351,0,58
"257262","2020-08-11",0,3351,0,58
"257263","2020-08-12",5,3356,0,58
"257264","2020-08-13",3,3359,0,58
"257265","2020-08-14",17,3376,0,58
"257266","2020-08-15",0,3376,0,58
"257267","2020-08-16",1,3377,0,58
"257268","2020-08-17",1,3378,0,58
"257269","2020-08-18",3,3381,0,58
"257270","2020-08-19",1,3382,0,58
"257271","2020-08-20",7,3389,0,58
"257272","2020-08-21",1,3390,0,58
"257273","2020-08-22",0,3390,0,58
"257274","2020-08-23",5,3395,0,58
"257275","2020-08-24",2,3397,0,58
"257276","2020-08-25",5,3402,0,58
"257277","2020-08-26",1,3403,0,58
"257278","2020-08-27",1,3404,0,58
"257279","2020-08-28",6,3410,0,58
"257280","2020-08-29",1,3411,0,58
"257281","2020-08-30",0,3411,0,58
"257282","2020-08-31",1,3412,0,58
"257283","2020-09-01",5,3417,0,58
"257284","2020-09-02",8,3425,0,58
"257285","2020-09-03",2,3427,0,58
"257286","2020-09-04",4,3431,0,58
"257287","2020-09-05",7,3438,0,58
"257288","2020-09-06",6,3444,0,58
"257289","2020-09-07",1,3445,0,58
"257290","2020-09-08",1,3446,0,58
"257291","2020-09-09",1,3447,0,58
"257292","2020-09-10",7,3454,0,58
"257293","2020-09-11",7,3461,0,58
"257294","2020-09-12",5,3466,0,58
"257295","2020-09-13",7,3473,0,58
"257296","2020-09-14",2,3475,0,58
"257297","2020-09-15",5,3480,0,58
"257298","2020-09-16",10,3490,0,58
"257299","2020-09-17",0,3490,0,58
"257300","2020-09-18",7,3497,0,58
"257301","2020-09-19",3,3500,1,59
"257302","2020-09-20",6,3506,0,59
"257303","2020-09-21",0,3506,0,59
"257304","2020-09-22",5,3511,0,59
"257305","2020-09-23",3,3514,0,59
"257306","2020-09-24",2,3516,0,59
"257307","2020-09-25",3,3519,0,59
"257308","2020-09-26",3,3522,0,59
"257309","2020-09-27",1,3523,0,59
"257310","2020-09-28",22,3545,0,59
"257311","2020-09-29",14,3559,0,59
"257312","2020-09-30",5,3564,0,59
"257313","2020-10-01",5,3569,0,59
"257314","2020-10-02",6,3575,0,59
"257315","2020-10-03",8,3583,0,59
"257316","2020-10-04",2,3585,0,59
"257317","2020-10-05",5,3590,0,59
"257318","2020-10-06",10,3600,0,59
"257319","2020-10-07",15,3615,0,59
"257320","2020-10-08",7,3622,0,59
"257321","2020-10-09",6,3628,0,59
"257322","2020-10-10",6,3634,0,59
"257323","2020-10-11",2,3636,0,59
"257324","2020-10-12",5,3641,0,59
"257325","2020-10-13",2,3643,0,59
"257326","2020-10-14",9,3652,0,59
"257327","2020-10-15",13,3665,0,59
"257328","2020-10-16",4,3669,0,59
"257329","2020-10-17",10,3679,0,59
"257330","2020-10-18",7,3686,0,59
"257331","2020-10-19",5,3691,0,59
"257332","2020-10-20",9,3700,0,59
"257333","2020-10-21",9,3709,0,59
"257334","2020-10-22",10,3719,0,59
"257335","2020-10-23",8,3727,0,59
"257336","2020-10-24",4,3731,0,59
"257337","2020-10-25",5,3736,0,59
"257338","2020-10-26",7,3743,0,59
"257339","2020-10-27",3,3746,0,59
"257340","2020-10-28",13,3759,0,59
"257341","2020-10-29",4,3763,0,59
"257342","2020-10-30",12,3775,0,59
"257343","2020-10-31",5,3780,0,59
"257344","2020-11-01",4,3784,0,59
"257345","2020-11-02",3,3787,0,59
"257346","2020-11-03",10,3797,0,59
"257347","2020-11-04",7,3804,0,59
"257348","2020-11-05",6,3810,0,59
"257349","2020-11-06",8,3818,1,60
"257350","2020-11-07",12,3830,0,60
"257351","2020-11-08",7,3837,0,60
"257352","2020-11-09",3,3840,0,60
"257353","2020-11-10",4,3844,0,60
"257354","2020-11-11",3,3847,0,60
"257355","2020-11-12",5,3852,0,60
"257356","2020-11-13",9,3861,0,60
"257357","2020-11-14",5,3866,0,60
"257358","2020-11-15",8,3874,0,60
"257359","2020-11-16",1,3875,0,60
"257360","2020-11-17",3,3878,0,60
"257361","2020-11-18",2,3880,0,60
"257362","2020-11-19",8,3888,0,60
"257363","2020-11-20",4,3892,0,60
"257364","2020-11-21",10,3902,0,60
"257365","2020-11-22",11,3913,0,0
"257366","2020-11-23",7,3920,60,60
"257367","2020-11-24",2,3922,0,60
"257368","2020-11-25",4,3926,0,60
"257369","2020-11-26",16,3942,0,60
"257370","2020-11-27",19,3961,0,60
"257371","2020-11-28",5,3966,0,60
"257372","2020-11-29",11,3977,0,60
"257373","2020-11-30",21,3998,0,60
"257374","2020-12-01",10,4008,0,60
"257375","2020-12-02",18,4026,0,60
"257376","2020-12-03",13,4039,0,60
"257377","2020-12-04",14,4053,0,60
"257378","2020-12-05",19,4072,0,60
"257379","2020-12-06",14,4086,0,60
"257380","2020-12-07",21,4107,0,60
"257381","2020-12-08",19,4126,0,60
"257382","2020-12-09",25,4151,0,60
"257383","2020-12-10",18,4169,0,60
"257384","2020-12-11",11,4180,0,60
"257385","2020-12-12",12,4192,0,60
"257386","2020-12-13",17,4209,0,60
"257387","2020-12-14",28,4237,0,60
"257388","2020-12-15",9,4246,0,60
"257389","2020-12-16",15,4261,0,60
"257390","2020-12-17",20,4281,0,60
"257391","2020-12-18",16,4297,0,60
"257392","2020-12-19",34,4331,0,60
"257393","2020-12-20",576,4907,0,60
"257394","2020-12-21",382,5289,0,60
"257395","2020-12-22",427,5716,0,60
"257396","2020-12-23",46,5762,0,60
"257397","2020-12-24",67,5829,0,60
"257398","2020-12-25",81,5910,0,60
"257399","2020-12-26",110,6020,0,60
"257400","2020-12-27",121,6141,0,60
"257401","2020-12-28",144,6285,0,60
"257402","2020-12-29",155,6440,1,61
"257403","2020-12-30",250,6690,0,61
"257404","2020-12-31",194,6884,0,61
"257405","2021-01-01",279,7163,2,63
"257406","2021-01-02",216,7379,1,64
"257407","2021-01-03",315,7694,0,64
"257408","2021-01-04",745,8439,1,65
"257409","2021-01-05",527,8966,0,65
"257410","2021-01-06",365,9331,1,66
"257411","2021-01-07",305,9636,1,67
"257412","2021-01-08",205,9841,0,67
"257413","2021-01-09",212,10053,0,67
"257414","2021-01-10",245,10298,0,67
"257415","2021-01-11",249,10547,0,67
"257416","2021-01-12",287,10834,0,67
"257417","2021-01-13",157,10991,0,67
"257418","2021-01-14",271,11262,2,69
"257419","2021-01-15",188,11450,0,69
"257420","2021-01-16",230,11680,1,70
"257421","2021-01-17",374,12054,0,70
"257422","2021-01-18",369,12423,0,70
"257423","2021-01-19",171,12594,0,70
"257424","2021-01-20",59,12653,1,71
"257425","2021-01-21",142,12795,0,71
"257426","2021-01-22",309,13104,0,71
"257427","2021-01-23",198,13302,1,72
"257428","2021-01-24",198,13500,1,73
"257429","2021-01-25",187,13687,2,75
"257430","2021-01-26",959,14646,0,75
"257431","2021-01-27",819,15465,1,76
"257432","2021-01-28",756,16221,0,76
"257433","2021-01-29",802,17023,0,76
"257434","2021-01-30",930,17953,1,77
"257435","2021-01-31",829,18782,0,77
"257436","2021-02-01",836,19618,0,77
"257437","2021-02-02",836,20454,2,79
"257438","2021-02-03",795,21249,0,79
"257439","2021-02-04",809,22058,0,79
"257440","2021-02-05",586,22644,0,79
"257441","2021-02-06",490,23134,0,79
"257442","2021-02-07",237,23371,0,79
"257443","2021-02-08",186,23557,0,79
"257444","2021-02-09",189,23746,0,79
"257445","2021-02-10",157,23903,1,80
"257446","2021-02-11",201,24104,0,80
"257447","2021-02-12",175,24279,0,80
"257448","2021-02-13",126,24405,0,80
"257449","2021-02-14",166,24571,0,80
"257450","2021-02-15",143,24714,2,82
"257451","2021-02-16",72,24786,0,82
"257452","2021-02-17",175,24961,0,82
"257453","2021-02-18",150,25111,0,82
"257454","2021-02-19",130,25241,1,83
"257455","2021-02-20",82,25323,0,83
"257456","2021-02-21",92,25415,0,83
"257457","2021-02-22",89,25504,0,83
"257458","2021-02-23",95,25599,0,83
"257459","2021-02-24",93,25692,0,83
"257460","2021-02-25",72,25764,0,83
"257461","2021-02-26",45,25809,0,83
"257462","2021-02-27",72,25881,0,83
"257463","2021-02-28",70,25951,0,83
"257464","2021-03-01",80,26031,0,83
"257465","2021-03-02",42,26073,1,84
"257466","2021-03-03",35,26108,0,84
"257467","2021-03-04",54,26162,1,85
"257468","2021-03-05",79,26241,0,85
"257469","2021-03-06",64,26305,0,85
"257470","2021-03-07",65,26370,0,85
"257471","2021-03-08",71,26441,0,85
"257472","2021-03-09",60,26501,0,85
"257473","2021-03-10",39,26540,0,85
"257474","2021-03-11",58,26598,0,85
"257475","2021-03-12",81,26679,0,85
"257476","2021-03-13",78,26757,1,86
"257477","2021-03-14",170,26927,0,86
"257478","2021-03-15",78,27005,1,87
"257479","2021-03-16",149,27154,0,87
"257480","2021-03-17",248,27402,1,88
"257481","2021-03-18",92,27494,1,89
"257482","2021-03-19",100,27594,1,90
"257483","2021-03-20",119,27713,0,90
"257484","2021-03-21",90,27803,0,90
"257485","2021-03-22",73,27876,1,91
"257486","2021-03-23",401,28277,1,92
"257487","2021-03-24",69,28346,0,92
"257488","2021-03-25",97,28443,0,92
"257489","2021-03-26",134,28577,0,92
"257490","2021-03-27",80,28657,1,93
"257491","2021-03-28",77,28734,1,94
"257492","2021-03-29",39,28773,0,94
"257493","2021-03-30",48,28821,0,94
"257494","2021-03-31",42,28863,0,94
"257495","2021-04-01",26,28889,0,94
"257496","2021-04-02",58,28947,0,94
"257497","2021-04-03",84,29031,1,95
"257498","2021-04-04",96,29127,0,95
"257499","2021-04-05",194,29321,0,95
"257500","2021-04-06",250,29571,0,95
"257501","2021-04-07",334,29905,0,95
"257502","2021-04-08",405,30310,0,95
"257503","2021-04-09",559,30869,1,96
"257504","2021-04-10",789,31658,1,97
"257505","2021-04-11",967,32625,0,97
"257506","2021-04-12",985,33610,0,97
"257507","2021-04-13",965,34575,0,97
"257508","2021-04-14",1335,35910,0,97
"257509","2021-04-15",1543,37453,0,97
"257510","2021-04-16",1585,39038,0,97
"257511","2021-04-17",1547,40585,2,99
"257512","2021-04-18",1767,42352,2,101
"257513","2021-04-19",1390,43742,3,104
"257514","2021-04-20",1443,45185,4,108
"257515","2021-04-21",1458,46643,2,110
"257516","2021-04-22",1470,48113,7,117
"257517","2021-04-23",2070,50183,4,121
"257518","2021-04-24",2839,53022,8,129
"257519","2021-04-25",2438,55460,11,140
"257520","2021-04-26",2048,57508,8,148
"257521","2021-04-27",2179,59687,15,163
"257522","2021-04-28",2012,61699,15,178
"257523","2021-04-29",1871,63570,10,188
"257524","2021-04-30",1583,65153,15,203
"257525","2021-05-01",1891,67044,21,224
"257526","2021-05-02",1940,68984,21,245
"257527","2021-05-03",2041,71025,31,276
"257528","2021-05-04",1763,72788,27,303
"257529","2021-05-05",2112,74900,15,318
"257530","2021-05-06",1911,76811,18,336
"257531","2021-05-07",2044,78855,27,363
"257532","2021-05-08",2419,81274,19,382
"257533","2021-05-09",2101,83375,17,399
"257534","2021-05-10",1630,85005,22,421
"257535","2021-05-11",1919,86924,31,452
"257536","2021-05-12",1983,88907,34,486
"257537","2021-05-13",4887,93794,32,518
"257538","2021-05-14",2256,96050,30,548
"257539","2021-05-15",3095,99145,17,565
"257540","2021-05-16",2302,101447,24,589
"257541","2021-05-17",9635,111082,25,614
"257542","2021-05-18",2473,113555,35,649
"257543","2021-05-19",3394,116949,29,678
"257544","2021-05-20",2636,119585,25,703
"257545","2021-05-21",3481,123066,32,735
"257546","2021-05-22",3052,126118,24,759
"257547","2021-05-23",3382,129500,17,776
"257548","2021-05-24",2713,132213,30,806
"257549","2021-05-25",3226,135439,26,832
"257550","2021-05-26",2455,137894,41,873
"257551","2021-05-27",3323,141217,47,920
"257552","2021-05-28",3759,144976,34,954
"257553","2021-05-29",4803,149779,34,988
"257554","2021-05-30",4528,154307,24,1012
"257555","2021-05-31",5485,159792,19,1031
"257556","2021-06-01",2230,162022,38,1069
"257557","2021-06-02",3440,165462,38,1107
"257558","2021-06-03",3886,169348,39,1146
"257559","2021-06-04",2631,171979,31,1177
"257560","2021-06-05",2817,174796,36,1213
"257561","2021-06-06",2671,177467,23,1236
"257562","2021-06-07",2419,179886,33,1269
"257563","2021-06-08",2662,182548,28,1297
"257564","2021-06-09",2680,185228,35,1332
"257565","2021-06-10",2310,187538,43,1375
"257566","2021-06-11",2290,189828,27,1402
"257567","2021-06-12",3277,193105,29,1431
"257568","2021-06-13",2804,195909,18,1449
"257569","2021-06-14",3355,199264,17,1466
"257570","2021-06-15",3000,202264,19,1485
"257571","2021-06-16",2331,204595,40,1525
"257572","2021-06-17",3129,207724,30,1555
"257573","2021-06-18",3058,210782,22,1577
"257574","2021-06-19",3667,214449,32,1609
"257575","2021-06-20",3682,218131,20,1629
"257576","2021-06-21",3175,221306,29,1658
"257577","2021-06-22",4059,225365,35,1693
"257578","2021-06-23",3174,228539,51,1744
"257579","2021-06-24",4108,232647,31,1775
"257580","2021-06-25",3644,236291,44,1819
"257581","2021-06-26",4161,240452,51,1870
"257582","2021-06-27",3995,244447,42,1912
"257583","2021-06-28",5406,249853,22,1934
"257584","2021-06-29",4662,254515,36,1970
"257585","2021-06-30",4786,259301,53,2023
"257586","2021-07-01",5533,264834,57,2080
"257587","2021-07-02",6087,270921,61,2141
"257588","2021-07-03",6230,277151,41,2182
"257589","2021-07-04",5916,283067,44,2226
"257590","2021-07-05",6166,289233,50,2276
"257591","2021-07-06",5420,294653,57,2333
"257592","2021-07-07",6519,301172,54,2387
"257593","2021-07-08",7058,308230,75,2462
"257594","2021-07-09",9276,317506,72,2534
"257595","2021-07-10",9326,326832,91,2625
"257596","2021-07-11",9539,336371,86,2711
"257597","2021-07-12",8656,345027,80,2791
"257598","2021-07-13",8685,353712,56,2847
"257599","2021-07-14",9317,363029,87,2934
"257600","2021-07-15",9186,372215,98,3032
"257601","2021-07-16",9692,381907,67,3099
"257602","2021-07-17",10082,391989,141,3240
"257603","2021-07-18",11397,403386,101,3341
"257604","2021-07-19",11784,415170,81,3422
"257605","2021-07-20",11305,426475,80,3502
"257606","2021-07-21",13002,439477,108,3610
"257607","2021-07-22",13655,453132,87,3697
"257608","2021-07-23",14575,467707,114,3811
"257609","2021-07-24",14260,481967,119,3930
"257610","2021-07-25",15335,497302,129,4059
"257611","2021-07-26",15376,512678,87,4146
"257612","2021-07-27",14150,526828,118,4264
"257613","2021-07-28",16533,543361,133,4397
"257614","2021-07-29",17669,561030,165,4562
"257615","2021-07-30",17345,578375,117,4679
"257616","2021-07-31",18912,597287,178,4857
"257617","2021-08-01",18027,615314,133,4990
"257618","2021-08-02",17970,633284,178,5168
"257619","2021-08-03",18901,652185,147,5315
"257620","2021-08-04",20200,672385,188,5503
"257621","2021-08-05",20920,693305,160,5663
"257622","2021-08-06",21379,714684,191,5854
"257623","2021-08-07",21838,736522,212,6066
"257624","2021-08-08",19983,756505,138,6204
"257625","2021-08-09",19603,776108,149,6353
"257626","2021-08-10",19843,795951,235,6588
"257627","2021-08-11",21038,816989,207,6795
"257628","2021-08-12",22782,839771,147,6942
"257629","2021-08-13",23418,863189,184,7126
"257630","2021-08-14",22086,885275,217,7343
"257631","2021-08-15",21882,907157,209,7552
"257632","2021-08-16",21157,928314,182,7734
"257633","2021-08-17",20128,948442,239,7973
"257634","2021-08-18",20515,968957,312,8285
"257635","2021-08-19",20902,989859,301,8586
"257636","2021-08-20",19851,1009710,240,8826
"257637","2021-08-21",20571,1030281,261,9087
"257638","2021-08-22",19014,1049295,233,9320
"257639","2021-08-23",17491,1066786,242,9562
"257640","2021-08-24",17165,1083951,226,9788
"257641","2021-08-25",18417,1102368,297,10085
"257642","2021-08-26",18501,1120869,229,10314
"257643","2021-08-27",18702,1139571,273,10587
"257644","2021-08-28",17984,1157555,292,10879
"257645","2021-08-29",16536,1174091,264,11143
"257646","2021-08-30",15972,1190063,256,11399
"257647","2021-08-31",14666,1204729,190,11589
"257648","2021-09-01",14802,1219531,252,11841
"257649","2021-09-02",14956,1234487,262,12103
"257650","2021-09-03",14653,1249140,271,12374
"257651","2021-09-04",15942,1265082,257,12631
"257652","2021-09-05",15452,1280534,224,12855
"257653","2021-09-06",13988,1294522,187,13042
"257654","2021-09-07",13821,1308343,241,13283
"257655","2021-09-08",14176,1322519,228,13511
"257656","2021-09-09",16031,1338550,220,13731
"257657","2021-09-10",14403,1352953,189,13920
"257658","2021-09-11",15191,1368144,253,14173
"257659","2021-09-12",14029,1382173,180,14353
"257660","2021-09-13",12583,1394756,132,14485
"257661","2021-09-14",11786,1406542,136,14621
"257662","2021-09-15",13798,1420340,144,14765
"257663","2021-09-16",13897,1434237,188,14953
"257664","2021-09-17",14555,1448792,171,15124
"257665","2021-09-18",14109,1462901,122,15246
"257666","2021-09-19",13576,1476477,117,15363
"257667","2021-09-20",12709,1489186,106,15469
"257668","2021-09-21",10919,1500105,143,15612
"257669","2021-09-22",11252,1511357,141,15753
"257670","2021-09-23",13256,1524613,131,15884
"257671","2021-09-24",12697,1537310,132,16016
"257672","2021-09-25",11957,1549267,127,16143
"257673","2021-09-26",12371,1561638,125,16268
"257674","2021-09-27",10288,1571926,101,16369
"257675","2021-09-28",9489,1581415,129,16498
"257676","2021-09-29",10414,1591829,122,16620
"257677","2021-09-30",11646,1603475,107,16727
"257678","2021-10-01",11754,1615229,123,16850
"257679","2021-10-02",11375,1626604,87,16937
"257680","2021-10-03",10828,1637432,77,17014
"257681","2021-10-04",9930,1647362,97,17111
"257682","2021-10-05",9869,1657231,92,17203
"257683","2021-10-06",9866,1667097,102,17305
"257684","2021-10-07",11200,1678297,113,17418
"257685","2021-10-08",11140,1689437,116,17534
"257686","2021-10-09",10630,1700067,73,17607
"257687","2021-10-10",10817,1710884,84,17691
"257688","2021-10-11",10035,1720919,60,17751
"257689","2021-10-12",9445,1730364,84,17835
"257690","2021-10-13",10064,1740428,82,17917
"257691","2021-10-14",11276,1751704,112,18029
"257692","2021-10-15",10486,1762190,94,18123
"257693","2021-10-16",10648,1772838,82,18205
"257694","2021-10-17",10863,1783701,68,18273
"257695","2021-10-18",10111,1793812,63,18336
"257696","2021-10-19",9122,1802934,71,18407
"257697","2021-10-20",8918,1811852,79,18486
"257698","2021-10-21",9727,1821579,73,18559
"257699","2021-10-22",9810,1831389,66,18625
"257700","2021-10-23",9742,1841131,74,18699
"257701","2021-10-24",9351,1850482,56,18755
"257702","2021-10-25",8675,1859157,44,18799
"257703","2021-10-26",7706,1866863,66,18865
"257704","2021-10-27",8452,1875315,57,18922
"257705","2021-10-28",9658,1884973,84,19006
"257706","2021-10-29",8968,1893941,64,19070
"257707","2021-10-30",9224,1903165,88,19158
"257708","2021-10-31",8859,1912024,47,19205
"257709","2021-11-01",8165,1920189,55,19260
"257710","2021-11-02",7574,1927763,78,19338
"257711","2021-11-03",7679,1935442,56,19394
"257712","2021-11-04",7982,1943424,68,19462
"257713","2021-11-05",8148,1951572,80,19542
"257714","2021-11-06",8467,1960039,69,19611
"257715","2021-11-07",7960,1967999,53,19664
"257716","2021-11-08",7592,1975591,39,19703
"257717","2021-11-09",6904,1982495,61,19764
"257718","2021-11-10",6978,1989473,62,19826
"257719","2021-11-11",7496,1996969,57,19883
"257720","2021-11-12",7305,2004274,51,19934
"257721","2021-11-13",7057,2011331,55,19989
"257722","2021-11-14",7079,2018410,47,20036
"257723","2021-11-15",6343,2024753,45,20081
"257724","2021-11-16",5947,2030700,62,20143
"257725","2021-11-17",6524,2037224,56,20199
"257726","2021-11-18",6901,2044125,55,20254
"257727","2021-11-19",6855,2050980,51,20305
"257728","2021-11-20",6595,2057575,53,20358
"257729","2021-11-21",7006,2064581,29,20387
"257730","2021-11-22",6428,2071009,49,20436
"257731","2021-11-23",5126,2076135,53,20489
"257732","2021-11-24",5857,2081992,55,20544
"257733","2021-11-25",6335,2088327,37,20581
"257734","2021-11-26",6559,2094886,64,20645
"257735","2021-11-27",6073,2100959,32,20677
"257736","2021-11-28",5854,2106813,30,20707
"257737","2021-11-29",4753,2111566,27,20734
"257738","2021-11-30",4306,2115872,37,20771
"257739","2021-12-01",4886,2120758,43,20814
"257740","2021-12-02",4971,2125729,33,20847
"257741","2021-12-03",4912,2130641,33,20880
"257742","2021-12-04",5896,2136537,37,20917
"257743","2021-12-05",4704,2141241,27,20944
"257744","2021-12-06",4000,2145241,22,20966
"257745","2021-12-07",3525,2148766,31,20997
"257746","2021-12-08",3618,2152384,38,21035
"257747","2021-12-09",4203,2156587,49,21084
"257748","2021-12-10",4193,2160780,28,21112
"257749","2021-12-11",4079,2164859,39,21151
"257750","2021-12-12",3787,2168646,20,21171
"257751","2021-12-13",3398,2172044,23,21194
"257752","2021-12-14",2862,2174906,37,21231
"257753","2021-12-15",3370,2178276,29,21260
"257754","2021-12-16",3684,2181960,26,21286
"257755","2021-12-17",3537,2185497,41,21327
"257756","2021-12-18",3132,2188629,28,21355
"257757","2021-12-19",2899,2191528,22,21377
"257758","2021-12-20",2525,2194053,31,21408
"257759","2021-12-21",2476,2196529,32,21440
"257760","2021-12-22",2532,2199061,31,21471
"257761","2021-12-23",2940,2202001,30,21501
"257762","2021-12-24",2671,2204672,27,21528
"257763","2021-12-25",2766,2207438,30,21558
"257764","2021-12-26",2532,2209970,22,21580
"257765","2021-12-27",2437,2212407,18,21598
"257766","2021-12-28",2305,2214712,32,21630
"257767","2021-12-29",2575,2217287,17,21647
"257768","2021-12-30",3037,2220324,25,21672
"257769","2021-12-31",3111,2223435,26,21698
"257770","2022-01-01",3011,2226446,10,21708
"257771","2022-01-02",3112,2229558,12,21720
"257772","2022-01-03",2927,2232485,18,21738
"257773","2022-01-04",3091,2235576,12,21750
"257774","2022-01-05",3899,2239475,19,21769
"257775","2022-01-06",5775,2245250,11,21780
"257776","2022-01-07",7526,2252776,19,21799
"257777","2022-01-08",8263,2261039,14,21813
"257778","2022-01-09",8511,2269550,12,21825
"257779","2022-01-10",7926,2277476,13,21838
"257780","2022-01-11",7133,2284609,12,21850
"257781","2022-01-12",7681,2292290,19,21869
"257782","2022-01-13",8167,2300457,14,21883
"257783","2022-01-14",8158,2308615,15,21898
"257784","2022-01-15",7793,2316408,18,21916
"257785","2022-01-16",8077,2324485,9,21925
"257786","2022-01-17",6929,2331414,13,21938
"257787","2022-01-18",6397,2337811,18,21956
"257788","2022-01-19",7122,2344933,12,21968
"257789","2022-01-20",8129,2353062,19,21987
"257790","2022-01-21",8640,2361702,13,22000
"257791","2022-01-22",8112,2369814,19,22019
"257792","2022-01-23",7686,2377500,13,22032
"257793","2022-01-24",7139,2384639,13,22045
"257794","2022-01-25",6718,2391357,12,22057
"257795","2022-01-26",7587,2398944,19,22076
"257796","2022-01-27",8078,2407022,22,22098
"257797","2022-01-28",8450,2415472,28,22126
"257798","2022-01-29",8618,2424090,19,22145
"257799","2022-01-30",8444,2432534,12,22157
"257800","2022-01-31",8008,2440542,16,22173
"257801","2022-02-01",7422,2447964,12,22185
"257802","2022-02-02",8587,2456551,22,22207
"257803","2022-02-03",9172,2465723,21,22228
"257804","2022-02-04",9909,2475632,22,22250
"257805","2022-02-05",10490,2486122,21,22271
"257806","2022-02-06",10879,2497001,20,22291
"257807","2022-02-07",10470,2507471,12,22303
"257808","2022-02-08",10398,2517869,17,22320
"257809","2022-02-09",13182,2531051,24,22344
"257810","2022-02-10",14822,2545873,20,22364
"257811","2022-02-11",15242,2561115,23,22387
"257812","2022-02-12",16330,2577445,25,22412
"257813","2022-02-13",15882,2593327,24,22436
"257814","2022-02-14",14900,2608227,26,22462
"257815","2022-02-15",14373,2622600,27,22489
"257816","2022-02-16",16462,2639062,27,22516
"257817","2022-02-17",17349,2656411,22,22538
"257818","2022-02-18",18066,2674477,27,22565
"257819","2022-02-19",18885,2693362,29,22594
"257820","2022-02-20",18953,2712315,30,22624
"257821","2022-02-21",18883,2731198,32,22656
"257822","2022-02-22",18363,2749561,35,22691
"257823","2022-02-23",21232,2770793,39,22730
"257824","2022-02-24",23557,2794350,38,22768
"257825","2022-02-25",24932,2819282,41,22809
"257826","2022-02-26",25615,2844897,40,22849
"257827","2022-02-27",24719,2869616,42,22891
"257828","2022-02-28",22311,2891927,42,22933
"257829","2022-03-01",20420,2912347,43,22976
"257830","2022-03-02",22197,2934544,45,23021
"257831","2022-03-03",23618,2958162,49,23070
"257832","2022-03-04",23834,2981996,54,23124
"257833","2022-03-05",22818,3004814,52,23176
"257834","2022-03-06",21881,3026695,59,23235
"257835","2022-03-07",21162,3047857,65,23300
"257836","2022-03-08",18943,3066800,69,23369
"257837","2022-03-09",22073,3088873,69,23438
"257838","2022-03-10",22984,3111857,74,23512
"257839","2022-03-11",24792,3136649,63,23575
"257840","2022-03-12",24592,3161241,68,23643
"257841","2022-03-13",23584,3184825,66,23709
"257842","2022-03-14",22130,3206955,69,23778
"257843","2022-03-15",19742,3226697,70,23848
"257844","2022-03-16",23945,3250642,70,23918
"257845","2022-03-17",25456,3276098,77,23995
"257846","2022-03-18",27071,3303169,80,24075
"257847","2022-03-19",25804,3328973,87,24162
"257848","2022-03-20",24996,3353969,84,24246
"257849","2022-03-21",23441,3377410,88,24334
"257850","2022-03-22",21382,3398792,83,24417
"257851","2022-03-23",25164,3423956,80,24497
"257852","2022-03-24",27024,3450980,82,24579
"257853","2022-03-25",26050,3477030,69,24648
"257854","2022-03-26",26234,3503264,67,24715
"257855","2022-03-27",25821,3529085,84,24799
"257856","2022-03-28",24635,3553720,81,24880
"257857","2022-03-29",21678,3575398,78,24958
"257858","2022-03-30",25389,3600787,87,25045
"257859","2022-03-31",27560,3628347,85,25130
"257860","2022-04-01",28379,3656726,92,25222
"257861","2022-04-02",28029,3684755,96,25318
"257862","2022-04-03",26840,3711595,97,25415
"257863","2022-04-04",24892,3736487,97,25512
"257864","2022-04-05",21088,3757575,91,25603
"257865","2022-04-06",24252,3781827,94,25697
"257866","2022-04-07",26081,3807908,91,25788
"257867","2022-04-08",25140,3833048,89,25877
"257868","2022-04-09",25298,3858346,98,25975
"257869","2022-04-10",25139,3883485,108,26083
"257870","2022-04-11",22387,3905872,105,26188
"257871","2022-04-12",19982,3925854,101,26289
"257872","2022-04-13",23015,3948869,106,26395
"257873","2022-04-14",24134,3973003,115,26510
"257874","2022-04-15",20289,3993292,119,26629
"257875","2022-04-16",18892,4012184,125,26754
"257876","2022-04-17",17775,4029959,128,26882
"257877","2022-04-18",16994,4046953,124,27006
"257878","2022-04-19",16891,4063844,129,27135
"257879","2022-04-20",20455,4084299,128,27263
"257880","2022-04-21",21931,4106230,129,27392
"257881","2022-04-22",21808,4128038,128,27520
"257882","2022-04-23",20052,4148090,129,27649
"257883","2022-04-24",17784,4165874,126,27775
"257884","2022-04-25",14994,4180868,124,27899
"257885","2022-04-26",13816,4194684,120,28019
"257886","2022-04-27",14887,4209571,125,28144
"257887","2022-04-28",14437,4224008,127,28271
"257888","2022-04-29",14053,4238061,129,28400
"257889","2022-04-30",12888,4250949,126,28526
"257890","2022-05-01",11535,4262484,91,28617
"257891","2022-05-02",9331,4271815,84,28701
"257892","2022-05-03",9721,4281536,77,28778
"257893","2022-05-04",9288,4290824,82,28860
"257894","2022-05-05",9790,4300614,54,28914
"257895","2022-05-06",7705,4308319,62,28976
"257896","2022-05-07",8450,4316769,58,29034
"257897","2022-05-08",8081,4324850,54,29088
"257898","2022-05-09",6488,4331338,55,29143
"257899","2022-05-10",6230,4337568,53,29196
"257900","2022-05-11",7650,4345218,56,29252
"257901","2022-05-12",6019,4351237,59,29311
"257902","2022-05-13",9779,4361016,56,29367
"257903","2022-05-14",6736,4367752,54,29421
"257904","2022-05-15",6094,4373846,51,29472
"257905","2022-05-16",5238,4379084,40,29512
"257906","2022-05-17",3893,4382977,38,29550
"257907","2022-05-18",5633,4388610,45,29595
"257908","2022-05-19",6305,4394915,42,29637
"257909","2022-05-20",6463,4401378,41,29678
"257910","2022-05-21",5377,4406755,37,29715
"257911","2022-05-22",4739,4411494,31,29746
"257912","2022-05-23",4099,4415593,29,29775
"257913","2022-05-24",4144,4419737,36,29811
"257914","2022-05-25",5013,4424750,33,29844
"257915","2022-05-26",4924,4429674,37,29881
"257916","2022-05-27",4837,4434511,29,29910
"257917","2022-05-28",4488,4438999,38,29948
"257918","2022-05-29",3649,4442648,24,29972
"257919","2022-05-30",3854,4446502,26,29998
"257920","2022-05-31",3955,4450457,21,30019
"257921","2022-06-01",4563,4455020,28,30047
"257922","2022-06-02",2560,4457580,34,30081
"257923","2022-06-03",2976,4460556,32,30113
"257924","2022-06-04",3001,4463557,30,30143
"257925","2022-06-05",3236,4466793,28,30171
"257926","2022-06-06",2162,4468955,27,30198
"257927","2022-06-07",2224,4471179,20,30218
"257928","2022-06-08",2688,4473867,21,30239
"257929","2022-06-09",3185,4477052,23,30262
"257930","2022-06-10",2836,4479888,24,30286
"257931","2022-06-11",2501,4482389,28,30314
"257932","2022-06-12",2474,4484863,20,30334
"257933","2022-06-13",1801,4486664,15,30349
"257934","2022-06-14",1833,4488497,19,30368
"257935","2022-06-15",2263,4490760,18,30386
"257936","2022-06-16",2153,4492913,17,30403
"257937","2022-06-17",1967,4494880,19,30422
"257938","2022-06-18",2272,4497152,23,30445
"257939","2022-06-19",1892,4499044,22,30467
"257940","2022-06-20",1784,4500828,18,30485
"257941","2022-06-21",1714,4502542,21,30506
"257942","2022-06-22",2387,4504929,19,30525
"257943","2022-06-23",2299,4507228,18,30543
"257944","2022-06-24",2313,4509541,16,30559
"257945","2022-06-25",2236,4511777,16,30575
"257946","2022-06-26",2378,4514155,17,30592
"257947","2022-06-27",1735,4515890,15,30607
"257948","2022-06-28",1761,4517651,13,30620
"257949","2022-06-29",2569,4520220,14,30634
"257950","2022-06-30",2695,4522915,14,30648
"257951","2022-07-01",2354,4525269,16,30664
"257952","2022-07-02",2508,4527777,17,30681
"257953","2022-07-03",2328,4530105,19,30700
"257954","2022-07-04",1995,4532100,18,30718
"257955","2022-07-05",1917,4534017,18,30736
"257956","2022-07-06",2428,4536445,22,30758
"257957","2022-07-07",2366,4538811,20,30778
"257958","2022-07-08",2144,4540955,20,30798
"257959","2022-07-09",2084,4543039,15,30813
"257960","2022-07-10",2004,4545043,22,30835
"257961","2022-07-11",1811,4546854,24,30859
"257962","2022-07-12",1679,4548533,23,30882
"257963","2022-07-13",2391,4550924,25,30907
"257964","2022-07-14",2257,4553181,28,30935
"257965","2022-07-15",1795,4554976,23,30958
"257966","2022-07-16",2025,4557001,20,30978
"257967","2022-07-17",2028,4559029,18,30996
"257968","2022-07-18",1814,4560843,17,31013
"257969","2022-07-19",2125,4562968,18,31031
"257970","2022-07-20",2886,4565854,19,31050
"257971","2022-07-21",2607,4568461,23,31073
"257972","2022-07-22",2424,4570885,25,31098
"257973","2022-07-23",2578,4573463,29,31127
"257974","2022-07-24",2390,4575853,30,31157
"257975","2022-07-25",1740,4577593,32,31189
"257976","2022-07-26",1828,4579421,35,31224
"257977","2022-07-27",2747,4582168,34,31258
"257978","2022-07-28",1902,4584070,32,31290
"257979","2022-07-29",2480,4586550,37,31327
"257980","2022-07-30",1962,4588512,32,31359
"257981","2022-07-31",1664,4590176,26,31385
"257982","2022-08-01",2108,4592284,19,31404
"257983","2022-08-02",1843,4594127,27,31431
"257984","2022-08-03",2432,4596559,32,31463
"257985","2022-08-04",2166,4598725,29,31492
"257986","2022-08-05",2253,4600978,34,31526
"257987","2022-08-06",2381,4603359,35,31561
"257988","2022-08-07",2250,4605609,35,31596
"257989","2022-08-08",1842,4607451,34,31630
"257990","2022-08-09",1955,4609406,33,31663
"257991","2022-08-10",2335,4611741,32,31695
"257992","2022-08-11",2316,4614057,35,31730
"257993","2022-08-12",2455,4616512,33,31763
"257994","2022-08-13",2140,4618652,35,31798
"257995","2022-08-14",1773,4620425,30,31828
"257996","2022-08-15",1663,4622088,30,31858
"257997","2022-08-16",1508,4623596,29,31887
"257998","2022-08-17",2461,4626057,28,31915
"257999","2022-08-18",2143,4628200,29,31944
"258000","2022-08-19",2110,4630310,27,31971
"258001","2022-08-20",1902,4632212,29,32000
"258002","2022-08-21",1968,4634180,27,32027
"258003","2022-08-22",1531,4635711,28,32055
"258004","2022-08-23",1488,4637199,26,32081
"258005","2022-08-24",2062,4639261,28,32109
"258006","2022-08-25",2002,4641263,29,32138
"258007","2022-08-26",1749,4643012,28,32166
"258008","2022-08-27",1631,4644643,29,32195
"258009","2022-08-28",1769,4646412,27,32222
"258010","2022-08-29",1273,4647685,26,32248
"258011","2022-08-30",994,4648679,27,32275
"258012","2022-08-31",2240,4650919,28,32303
"258013","2022-09-01",2004,4652923,25,32328
"258014","2022-09-02",2046,4654969,24,32352
"258015","2022-09-03",1942,4656911,23,32375
"258016","2022-09-04",1631,4658542,25,32400
"258017","2022-09-05",1360,4659902,22,32422
"258018","2022-09-06",1062,4660964,22,32444
"258019","2022-09-07",1605,4662569,20,32464
"258020","2022-09-08",1587,4664156,19,32483
"258021","2022-09-09",1191,4665347,20,32503
"258022","2022-09-10",1106,4666453,17,32520
"258023","2022-09-11",1093,4667546,19,32539
"258024","2022-09-12",698,4668244,15,32554
"258025","2022-09-13",619,4668863,10,32564
"258026","2022-09-14",1321,4670184,14,32578
"258027","2022-09-15",1125,4671309,13,32591
"258028","2022-09-16",837,4672146,12,32603
"258029","2022-09-17",764,4672910,14,32617
"258030","2022-09-18",477,4673387,12,32629
"258031","2022-09-19",242,4673629,11,32640
"258032","2022-09-20",774,4674403,15,32655
"258033","2022-09-21",1129,4675532,13,32668
"258034","2022-09-22",806,4676338,15,32683
"258035","2022-09-23",752,4677090,9,32692
"258036","2022-09-24",607,4677697,14,32706
"258037","2022-09-25",655,4678352,12,32718
"258038","2022-09-26",319,4678671,8,32726
"258039","2022-09-27",351,4679022,10,32736
"258040","2022-09-28",811,4679833,9,32745
"258041","2022-09-29",637,4680470,10,32755
"258042","2022-09-30",839,4681309,9,32764
"258043","2022-10-01",823,4682132,7,32771
"258044","2022-10-02",0,4682132,0,32771
"258045","2022-10-03",0,4682132,0,32771
"258046","2022-10-04",0,4682132,0,32771
"258047","2022-10-05",0,4682132,0,32771
"258048","2022-10-06",0,4682132,0,32771
"258049","2022-10-07",0,4682132,0,32771
"258050","2022-10-08",2915,4685047,58,32829
"258051","2022-10-09",0,4685047,0,32829
"258052","2022-10-10",0,4685047,0,32829
"258053","2022-10-11",0,4685047,0,32829
"258054","2022-10-12",0,4685047,0,32829
"258055","2022-10-13",0,4685047,0,32829
"258056","2022-10-14",0,4685047,0,32829
"258057","2022-10-15",2234,4687281,53,32882
"258058","2022-10-16",0,4687281,0,32882
"258059","2022-10-17",0,4687281,0,32882
"258060","2022-10-18",0,4687281,0,32882
"258061","2022-10-19",0,4687281,0,32882
"258062","2022-10-20",0,4687281,0,32882
"258063","2022-10-21",0,4687281,0,32882
"258064","2022-10-22",2616,4689897,40,32922
"258065","2022-10-23",0,4689897,0,32922
"258066","2022-10-24",0,4689897,0,32922
"258067","2022-10-25",0,4689897,0,32922
"258068","2022-10-26",0,4689897,0,32922
"258069","2022-10-27",0,4689897,0,32922
"258070","2022-10-28",0,4689897,0,32922
"258071","2022-10-29",2551,4692448,33,32955
"258072","2022-10-30",0,4692448,0,32955
"258073","2022-10-31",0,4692448,0,32955
"258074","2022-11-01",0,4692448,0,32955
"258075","2022-11-02",0,4692448,0,32955
"258076","2022-11-03",0,4692448,0,32955
"258077","2022-11-04",0,4692448,0,32955
"258078","2022-11-05",2759,4695207,40,32995
"258079","2022-11-06",0,4695207,0,32995
"258080","2022-11-07",0,4695207,0,32995
"258081","2022-11-08",0,4695207,0,32995
"258082","2022-11-09",0,4695207,0,32995
"258083","2022-11-10",0,4695207,0,32995
"258084","2022-11-11",0,4695207,0,32995
"258085","2022-11-12",3166,4698373,42,33037
"258086","2022-11-13",0,4698373,0,33037
"258087","2022-11-14",0,4698373,0,33037
"258088","2022-11-15",0,4698373,0,33037
"258089","2022-11-16",0,4698373,0,33037
"258090","2022-11-17",0,4698373,0,33037
"258091","2022-11-18",0,4698373,0,33037
"258092","2022-11-19",3957,4702330,69,33106
"258093","2022-11-20",0,4702330,0,33106
"258094","2022-11-21",0,4702330,0,33106
"258095","2022-11-22",0,4702330,0,33106
"258096","2022-11-23",0,4702330,0,33106
"258097","2022-11-24",0,4702330,0,33106
"258098","2022-11-25",0,4702330,0,33106
"258099","2022-11-26",4914,4707244,74,33180
"258100","2022-11-27",0,4707244,0,33180
"258101","2022-11-28",0,4707244,0,33180
"258102","2022-11-29",0,4707244,0,33180
"258103","2022-11-30",0,4707244,0,33180
"258104","2022-12-01",0,4707244,0,33180
"258105","2022-12-02",0,4707244,0,33180
"258106","2022-12-03",4284,4711528,105,33285
"258107","2022-12-04",0,4711528,0,33285
"258108","2022-12-05",0,4711528,0,33285
"258109","2022-12-06",0,4711528,0,33285
"258110","2022-12-07",0,4711528,0,33285
"258111","2022-12-08",0,4711528,0,33285
"258112","2022-12-09",0,4711528,0,33285
"258113","2022-12-10",3961,4715489,107,33392
"258114","2022-12-11",0,4715489,0,33392
"258115","2022-12-12",0,4715489,0,33392
"258116","2022-12-13",0,4715489,0,33392
"258117","2022-12-14",0,4715489,0,33392
"258118","2022-12-15",0,4715489,0,33392
"258119","2022-12-16",0,4715489,0,33392
"258120","2022-12-17",3419,4718908,113,33505
"258121","2022-12-18",0,4718908,0,33505
"258122","2022-12-19",0,4718908,0,33505
"258123","2022-12-20",0,4718908,0,33505
"258124","2022-12-21",0,4718908,0,33505
"258125","2022-12-22",0,4718908,0,33505
"258126","2022-12-23",0,4718908,0,33505
"258127","2022-12-24",2900,4721808,89,33594
"258128","2022-12-25",0,4721808,0,33594
"258129","2022-12-26",0,4721808,0,33594
"258130","2022-12-27",0,4721808,0,33594
"258131","2022-12-28",0,4721808,0,33594
"258132","2022-12-29",0,4721808,0,33594
"258133","2022-12-30",0,4721808,0,33594
"258134","2022-12-31",2111,4723919,75,33669
